{"step_time_ms":9.563922882080078,"lr":6.0599999999999996e-05,"grad_norm":1.3102104663848877,"_wandb":{"runtime":82},"val_loss":0.9055848121643066,"step":100,"_timestamp":1.731442678149309e+09,"loss":0.9242992401123047,"_runtime":82.130221108,"_step":1,"tokens_per_sec":642414.2138904124}